img_id,note
ded5653941ca834a,BadRequest
dec51aaa4a8593bd,BadRequest
dee99aaf994d8c76,BadRequest
ded95c202c135133,BadRequest
dedeecc224dcea20,BadRequest
dee1e0defeef094c,BadRequest
dee0ddf28aa08659,BadRequest
dec9fd7b28fa6e25,BadRequest
dec42045b1c439b2,BadRequest
dee99eab3db33543,BadRequest
decf753c72f80248,BadRequest
ded7dca4821ed23e,BadRequest
dec8d8865d1908c4,BadRequest
deca5e42907a26c5,BadRequest
dec7e68ed11ff63a,BadRequest
ded83ab15153f485,BadRequest
dee1558dd3f487f4,BadRequest
ded525b54b25d21c,BadRequest
ded141fd736f2cf2,BadRequest
ded7c10c386ddcf2,BadRequest
dee3b2e9a732e75e,BadRequest
ded58bc49badbe0c,BadRequest
decae788203b7571,BadRequest
dee33ccbe719ce2e,BadRequest
dee3576f55001766,BadRequest
dedf3a3e351c0f99,BadRequest
dee6ae12e4b6584e,BadRequest
dec45d4029ec1f3d,BadRequest
ded0c69f9640d6eb,BadRequest
dec92331c1d0c241,BadRequest
dec40dc5490196c4,BadRequest
decf77cdda46af15,BadRequest
ded0001e839a1d5a,BadRequest
dec4a1f79c8e5ba9,BadRequest
decfb713af84dcad,BadRequest
dec4f4ff1ad3c591,BadRequest
decac22f5b89bd0a,BadRequest
dee1d0f70e4302f2,BadRequest
dedbd2f9e7bd0506,BadRequest
dee512db0e6f3357,BadRequest
dec4b0cbe0a75702,BadRequest
decec72650551816,BadRequest
dee6c8ebb75611d2,BadRequest
decfcbb92e0c0404,BadRequest
dee960b9d713dcec,BadRequest
deddc88ce66bcd86,BadRequest
dec48826546a928f,BadRequest
dee1df39a3e07a37,BadRequest
ded0ba825f8ecd55,BadRequest
dece90e93be1d7c8,BadRequest
dedaa307fc041015,BadRequest
dedefccab431e570,BadRequest
dec30d5b87f69003,BadRequest
ded3b4d18857a1f2,BadRequest
dec51e753f49bf46,BadRequest
ded4f9d75f323690,BadRequest
decbc88bd5a484c4,BadRequest
decf93fb98b73465,BadRequest
deca8a9da432664b,BadRequest
ded9468bbb63d7a8,BadRequest
dedd4ee76dccda26,BadRequest
dec861b76a6b4f91,BadRequest
dec50e3869ab89d6,BadRequest
ded0332003bb2f35,BadRequest
dec5e587801ccace,BadRequest
dec94450c42547dd,BadRequest
dee924bea83e036c,BadRequest
dedf2ace1c22e60b,BadRequest
ded30a73c87c106f,BadRequest
dec2b430d7bee838,BadRequest
dec5d4505f0714e0,BadRequest
dece4b14ad7ad560,BadRequest
dedf18fab8aeb99d,BadRequest
dec8a4008cfae708,BadRequest
ded40e5b65405629,BadRequest
dee13e00b5f3cb88,BadRequest
dee17fc5fd667320,BadRequest
dee3459d054df7b2,BadRequest
dec9416c75a46d87,BadRequest
ded396742817dd9b,BadRequest
dee081a7a6cba575,BadRequest
dedbe2aa9ddd5b0f,BadRequest
dee5b1c1ba1cbf4c,BadRequest
